{
  "true_positives": 1,
  "false_positives": 67,
  "false_negatives": 60,
  "precision": 0.014705882352941176,
  "recall": 0.01639344262295082,
  "f1_score": 0.015503875968992248
}