{
  "true_positives": 2,
  "false_positives": 70,
  "false_negatives": 59,
  "precision": 0.027777777777777776,
  "recall": 0.03278688524590164,
  "f1_score": 0.03007518796992481
}